<?xml version="1.0"?>
<TriggernometryExport Version="1">
  <ExportedFolder Id="1437fba7-4d25-45a6-8df9-2d135105ac21" Name="e12s三火" Enabled="true">
    <Folders />
    <Triggers>
      <Trigger Enabled="false" Name="获取位置" Id="a560dd2f-e026-49a2-9c97-08b3e5f74f3c" RegularExpression="^.{15}00:0000:101:.{8}:0005:(?&lt;id&gt;.{4}):1EB0FF:E0000000:(?&lt;x&gt;.+?):(?&lt;y&gt;.+?):">
        <Actions>
          <Action OrderNumber="1" ListVariableOp="Push" ListVariableExpressionType="Numeric" ListVariableName="dihuo1" ListVariableExpression="round(4-arctan2(${x},${numeric:75+${y}})*4/pi)%8" LogLevel="-1" TextAuraFontSize="9" TextAuraFontName="宋体" ActionType="ListVariable">
            <Condition Enabled="false" Grouping="And" />
            <Conditions />
          </Action>
          <Action OrderNumber="2" LogLevel="-1" TextAuraFontSize="9" TextAuraFontName="宋体" TriggerId="a5259c89-5865-4f7a-89e2-a47a9a50b20e" TriggerForce="regexp" ActionType="Trigger" ExecutionDelayExpression="100">
            <Condition Enabled="false" Grouping="Or" />
            <Conditions />
          </Action>
        </Actions>
        <Condition Enabled="false" Grouping="Or">
          <ConditionSingle Enabled="true" ExpressionL="${x}" ExpressionTypeL="Numeric" ExpressionR="0.00" ExpressionTypeR="Numeric" ConditionType="NumericNotEqual" />
          <ConditionSingle Enabled="true" ExpressionL="${y}" ExpressionTypeL="Numeric" ExpressionR="-75.00" ExpressionTypeR="Numeric" ConditionType="NumericNotEqual" />
        </Condition>
        <Conditions />
      </Trigger>
      <Trigger Enabled="true" Name="三火" Id="751600db-e2ae-45b3-802c-217607e5afc8" RegularExpression="^.{15}14:58E2:">
        <Actions>
          <Action OrderNumber="1" ListVariableName="dihuo1" LogLevel="-1" TextAuraFontSize="9" TextAuraFontName="宋体" ActionType="ListVariable">
            <Condition Enabled="false" Grouping="Or" />
            <Conditions />
          </Action>
          <Action OrderNumber="2" ListVariableName="dihuo2" LogLevel="-1" TextAuraFontSize="9" TextAuraFontName="宋体" ActionType="ListVariable">
            <Condition Enabled="false" Grouping="Or" />
            <Conditions />
          </Action>
          <Action OrderNumber="3" LogLevel="-1" TextAuraFontSize="9" TextAuraFontName="宋体" TriggerOp="EnableTrigger" TriggerId="a560dd2f-e026-49a2-9c97-08b3e5f74f3c" ActionType="Trigger">
            <Condition Enabled="false" Grouping="Or" />
            <Conditions />
          </Action>
          <Action OrderNumber="4" LogLevel="-1" TextAuraFontSize="9" TextAuraFontName="宋体" TriggerOp="EnableTrigger" TriggerId="c61cb734-02f6-40a9-906d-44c8c9176d04" ActionType="Trigger">
            <Condition Enabled="false" Grouping="Or" />
            <Conditions />
          </Action>
          <Action OrderNumber="5" LogLevel="-1" TextAuraFontSize="9" TextAuraFontName="宋体" TriggerOp="EnableTrigger" TriggerId="4f8caecd-789c-47c9-b534-585d154d8828" ActionType="Trigger">
            <Condition Enabled="false" Grouping="Or" />
            <Conditions />
          </Action>
        </Actions>
        <Condition Enabled="false" Grouping="Or" />
        <Conditions />
      </Trigger>
      <Trigger Enabled="true" Name="获取位置2" Id="a5259c89-5865-4f7a-89e2-a47a9a50b20e" RegularExpression="" PeriodRefire="Deny" RefirePeriodExpression="1000">
        <Actions>
          <Action OrderNumber="1" ListVariableOp="Remove" ListVariableExpressionType="Numeric" ListVariableName="dihuo1" ListVariableExpression="0" ListVariableIndex="${lvar:dihuo1.indexof(4)} " LogLevel="-1" TextAuraFontSize="9" TextAuraFontName="宋体" ActionType="ListVariable">
            <Condition Enabled="false" Grouping="Or" />
            <Conditions />
          </Action>
          <Action OrderNumber="2" ListVariableOp="Push" ListVariableExpressionType="Numeric" ListVariableName="dihuo2" ListVariableExpression="0" LogLevel="-1" TextAuraFontSize="9" TextAuraFontName="宋体" ActionType="ListVariable" ExecutionDelayExpression="10">
            <Condition Enabled="true" Grouping="Or">
              <ConditionSingle Enabled="true" ExpressionL="${lvar:dihuo1.indexof(0)} " ExpressionTypeL="Numeric" ExpressionR="0" ExpressionTypeR="Numeric" ConditionType="NumericEqual" />
            </Condition>
            <Conditions />
          </Action>
          <Action OrderNumber="3" ListVariableOp="Push" ListVariableExpressionType="Numeric" ListVariableName="dihuo2" ListVariableExpression="1" LogLevel="-1" TextAuraFontSize="9" TextAuraFontName="宋体" ActionType="ListVariable" ExecutionDelayExpression="10">
            <Condition Enabled="true" Grouping="Or">
              <ConditionSingle Enabled="true" ExpressionL="${lvar:dihuo1.indexof(1)} " ExpressionTypeL="Numeric" ExpressionR="0" ExpressionTypeR="Numeric" ConditionType="NumericEqual" />
            </Condition>
            <Conditions />
          </Action>
          <Action OrderNumber="4" ListVariableOp="Push" ListVariableExpressionType="Numeric" ListVariableName="dihuo2" ListVariableExpression="2" LogLevel="-1" TextAuraFontSize="9" TextAuraFontName="宋体" ActionType="ListVariable" ExecutionDelayExpression="10">
            <Condition Enabled="true" Grouping="Or">
              <ConditionSingle Enabled="true" ExpressionL="${lvar:dihuo1.indexof(2)} " ExpressionTypeL="Numeric" ExpressionR="0" ExpressionTypeR="Numeric" ConditionType="NumericEqual" />
            </Condition>
            <Conditions />
          </Action>
          <Action OrderNumber="5" ListVariableOp="Push" ListVariableExpressionType="Numeric" ListVariableName="dihuo2" ListVariableExpression="3" LogLevel="-1" TextAuraFontSize="9" TextAuraFontName="宋体" ActionType="ListVariable" ExecutionDelayExpression="10">
            <Condition Enabled="true" Grouping="Or">
              <ConditionSingle Enabled="true" ExpressionL="${lvar:dihuo1.indexof(3)} " ExpressionTypeL="Numeric" ExpressionR="0" ExpressionTypeR="Numeric" ConditionType="NumericEqual" />
            </Condition>
            <Conditions />
          </Action>
          <Action OrderNumber="6" ListVariableOp="Push" ListVariableExpressionType="Numeric" ListVariableName="dihuo2" ListVariableExpression="4" LogLevel="-1" TextAuraFontSize="9" TextAuraFontName="宋体" ActionType="ListVariable" ExecutionDelayExpression="10">
            <Condition Enabled="true" Grouping="Or">
              <ConditionSingle Enabled="true" ExpressionL="${lvar:dihuo1.indexof(4)} " ExpressionTypeL="Numeric" ExpressionR="0" ExpressionTypeR="Numeric" ConditionType="NumericEqual" />
            </Condition>
            <Conditions />
          </Action>
          <Action OrderNumber="7" ListVariableOp="Push" ListVariableExpressionType="Numeric" ListVariableName="dihuo2" ListVariableExpression="5" LogLevel="-1" TextAuraFontSize="9" TextAuraFontName="宋体" ActionType="ListVariable" ExecutionDelayExpression="10">
            <Condition Enabled="true" Grouping="Or">
              <ConditionSingle Enabled="true" ExpressionL="${lvar:dihuo1.indexof(5)} " ExpressionTypeL="Numeric" ExpressionR="0" ExpressionTypeR="Numeric" ConditionType="NumericEqual" />
            </Condition>
            <Conditions />
          </Action>
          <Action OrderNumber="8" ListVariableOp="Push" ListVariableExpressionType="Numeric" ListVariableName="dihuo2" ListVariableExpression="6" LogLevel="-1" TextAuraFontSize="9" TextAuraFontName="宋体" ActionType="ListVariable" ExecutionDelayExpression="10">
            <Condition Enabled="true" Grouping="Or">
              <ConditionSingle Enabled="true" ExpressionL="${lvar:dihuo1.indexof(6)} " ExpressionTypeL="Numeric" ExpressionR="0" ExpressionTypeR="Numeric" ConditionType="NumericEqual" />
            </Condition>
            <Conditions />
          </Action>
          <Action OrderNumber="9" ListVariableOp="Push" ListVariableExpressionType="Numeric" ListVariableName="dihuo2" ListVariableExpression="7" LogLevel="-1" TextAuraFontSize="9" TextAuraFontName="宋体" ActionType="ListVariable" ExecutionDelayExpression="10">
            <Condition Enabled="true" Grouping="Or">
              <ConditionSingle Enabled="true" ExpressionL="${lvar:dihuo1.indexof(7)} " ExpressionTypeL="Numeric" ExpressionR="0" ExpressionTypeR="Numeric" ConditionType="NumericEqual" />
            </Condition>
            <Conditions />
          </Action>
          <Action OrderNumber="10" LogLevel="-1" TextAuraFontSize="9" TextAuraFontName="宋体" TriggerId="c3ba3535-dd3c-44d5-836f-5494e7d8ee10" TriggerForce="regexp" ActionType="Trigger" ExecutionDelayExpression="100">
            <Condition Enabled="false" Grouping="Or" />
            <Conditions />
          </Action>
        </Actions>
        <Condition Enabled="false" Grouping="And">
          <ConditionSingle Enabled="true" ExpressionL="${x}" ExpressionTypeL="String" ExpressionR="0.00" ExpressionTypeR="String" ConditionType="StringNotEqualNocase" />
          <ConditionSingle Enabled="true" ExpressionL="${y}" ExpressionTypeL="String" ExpressionR="-75.00" ExpressionTypeR="String" ConditionType="StringNotEqualNocase" />
        </Condition>
        <Conditions />
      </Trigger>
      <Trigger Enabled="false" Name="第一次地火爆炸" Id="c61cb734-02f6-40a9-906d-44c8c9176d04" RegularExpression="^.{14} 15:.{8}:[^:]+?:58E6:">
        <Actions>
          <Action OrderNumber="1" LogLevel="-1" UseTTSTextExpression="去中间" TextAuraFontSize="9" TextAuraFontName="宋体" ActionType="UseTTS">
            <Condition Enabled="false" Grouping="Or" />
            <Conditions />
          </Action>
          <Action OrderNumber="2" LogLevel="-1" TextAuraFontSize="9" TextAuraFontName="宋体" TriggerOp="DisableTrigger" TriggerId="c61cb734-02f6-40a9-906d-44c8c9176d04" ActionType="Trigger" ExecutionDelayExpression="1000">
            <Condition Enabled="false" Grouping="Or" />
            <Conditions />
          </Action>
        </Actions>
        <Condition Enabled="false" Grouping="Or" />
        <Conditions />
      </Trigger>
      <Trigger Enabled="false" Name="跳跃" Id="4f8caecd-789c-47c9-b534-585d154d8828" RegularExpression="^.{14} 15:.{8}:[^:]+?:58BE:">
        <Actions>
          <Action OrderNumber="1" LogLevel="-1" UseTTSTextExpression="跳了" TextAuraFontSize="9" TextAuraFontName="宋体" ActionType="UseTTS">
            <Condition Enabled="false" Grouping="Or" />
            <Conditions />
          </Action>
          <Action OrderNumber="2" LogLevel="-1" TextAuraFontSize="9" TextAuraFontName="宋体" TriggerOp="DisableTrigger" TriggerId="4f8caecd-789c-47c9-b534-585d154d8828" ActionType="Trigger" ExecutionDelayExpression="1000">
            <Condition Enabled="false" Grouping="Or" />
            <Conditions />
          </Action>
        </Actions>
        <Condition Enabled="false" Grouping="Or" />
        <Conditions />
      </Trigger>
      <Trigger Enabled="true" Name="安全点播报" Id="c3ba3535-dd3c-44d5-836f-5494e7d8ee10" RegularExpression="">
        <Actions>
          <Action OrderNumber="1" LogLevel="-1" UseTTSTextExpression="4A之间安全" UseTTSRateExpression="2" UseTTSExclusive="False" TextAuraFontSize="9" TextAuraFontName="宋体" ActionType="UseTTS">
            <Condition Enabled="true" Grouping="And">
              <ConditionSingle Enabled="true" ExpressionL="${lvar:dihuo2.indexof(0)} " ExpressionTypeL="Numeric" ExpressionR="0" ExpressionTypeR="Numeric" ConditionType="NumericNotEqual" />
              <ConditionSingle Enabled="true" ExpressionL="${lvar:dihuo2.indexof(1)} " ExpressionTypeL="Numeric" ExpressionR="0" ExpressionTypeR="Numeric" ConditionType="NumericNotEqual" />
            </Condition>
            <Conditions />
          </Action>
          <Action OrderNumber="2" LogLevel="-1" UseTTSTextExpression="4B之间安全" UseTTSRateExpression="2" UseTTSExclusive="False" TextAuraFontSize="9" TextAuraFontName="宋体" ActionType="UseTTS">
            <Condition Enabled="true" Grouping="And">
              <ConditionSingle Enabled="true" ExpressionL="${lvar:dihuo2.indexof(2)} " ExpressionTypeL="Numeric" ExpressionR="0" ExpressionTypeR="Numeric" ConditionType="NumericNotEqual" />
              <ConditionSingle Enabled="true" ExpressionL="${lvar:dihuo2.indexof(1)} " ExpressionTypeL="Numeric" ExpressionR="0" ExpressionTypeR="Numeric" ConditionType="NumericNotEqual" />
            </Condition>
            <Conditions />
          </Action>
          <Action OrderNumber="3" LogLevel="-1" UseTTSTextExpression="2B之间安全" UseTTSRateExpression="2" UseTTSExclusive="False" TextAuraFontSize="9" TextAuraFontName="宋体" ActionType="UseTTS">
            <Condition Enabled="true" Grouping="And">
              <ConditionSingle Enabled="true" ExpressionL="${lvar:dihuo2.indexof(2)} " ExpressionTypeL="Numeric" ExpressionR="0" ExpressionTypeR="Numeric" ConditionType="NumericNotEqual" />
              <ConditionSingle Enabled="true" ExpressionL="${lvar:dihuo2.indexof(3)} " ExpressionTypeL="Numeric" ExpressionR="0" ExpressionTypeR="Numeric" ConditionType="NumericNotEqual" />
            </Condition>
            <Conditions />
          </Action>
          <Action OrderNumber="4" LogLevel="-1" UseTTSTextExpression="2C之间安全" UseTTSRateExpression="2" UseTTSExclusive="False" TextAuraFontSize="9" TextAuraFontName="宋体" ActionType="UseTTS">
            <Condition Enabled="true" Grouping="And">
              <ConditionSingle Enabled="true" ExpressionL="${lvar:dihuo2.indexof(3)} " ExpressionTypeL="Numeric" ExpressionR="0" ExpressionTypeR="Numeric" ConditionType="NumericNotEqual" />
              <ConditionSingle Enabled="true" ExpressionL="${lvar:dihuo2.indexof(4)} " ExpressionTypeL="Numeric" ExpressionR="0" ExpressionTypeR="Numeric" ConditionType="NumericNotEqual" />
            </Condition>
            <Conditions />
          </Action>
          <Action OrderNumber="5" LogLevel="-1" UseTTSTextExpression="1C之间安全" UseTTSRateExpression="2" UseTTSExclusive="False" TextAuraFontSize="9" TextAuraFontName="宋体" ActionType="UseTTS">
            <Condition Enabled="true" Grouping="And">
              <ConditionSingle Enabled="true" ExpressionL="${lvar:dihuo2.indexof(4)} " ExpressionTypeL="Numeric" ExpressionR="0" ExpressionTypeR="Numeric" ConditionType="NumericNotEqual" />
              <ConditionSingle Enabled="true" ExpressionL="${lvar:dihuo2.indexof(5)} " ExpressionTypeL="Numeric" ExpressionR="0" ExpressionTypeR="Numeric" ConditionType="NumericNotEqual" />
            </Condition>
            <Conditions />
          </Action>
          <Action OrderNumber="6" LogLevel="-1" UseTTSTextExpression="1D之间安全" UseTTSRateExpression="2" UseTTSExclusive="False" TextAuraFontSize="9" TextAuraFontName="宋体" ActionType="UseTTS">
            <Condition Enabled="true" Grouping="And">
              <ConditionSingle Enabled="true" ExpressionL="${lvar:dihuo2.indexof(5)} " ExpressionTypeL="Numeric" ExpressionR="0" ExpressionTypeR="Numeric" ConditionType="NumericNotEqual" />
              <ConditionSingle Enabled="true" ExpressionL="${lvar:dihuo2.indexof(6)} " ExpressionTypeL="Numeric" ExpressionR="0" ExpressionTypeR="Numeric" ConditionType="NumericNotEqual" />
            </Condition>
            <Conditions />
          </Action>
          <Action OrderNumber="7" LogLevel="-1" UseTTSTextExpression="3D之间安全" UseTTSRateExpression="2" UseTTSExclusive="False" TextAuraFontSize="9" TextAuraFontName="宋体" ActionType="UseTTS">
            <Condition Enabled="true" Grouping="And">
              <ConditionSingle Enabled="true" ExpressionL="${lvar:dihuo2.indexof(6)} " ExpressionTypeL="Numeric" ExpressionR="0" ExpressionTypeR="Numeric" ConditionType="NumericNotEqual" />
              <ConditionSingle Enabled="true" ExpressionL="${lvar:dihuo2.indexof(7)} " ExpressionTypeL="Numeric" ExpressionR="0" ExpressionTypeR="Numeric" ConditionType="NumericNotEqual" />
            </Condition>
            <Conditions />
          </Action>
          <Action OrderNumber="8" LogLevel="-1" UseTTSTextExpression="3A之间安全" UseTTSRateExpression="2" UseTTSExclusive="False" TextAuraFontSize="9" TextAuraFontName="宋体" ActionType="UseTTS">
            <Condition Enabled="true" Grouping="And">
              <ConditionSingle Enabled="true" ExpressionL="${lvar:dihuo2.indexof(7)} " ExpressionTypeL="Numeric" ExpressionR="0" ExpressionTypeR="Numeric" ConditionType="NumericNotEqual" />
              <ConditionSingle Enabled="true" ExpressionL="${lvar:dihuo2.indexof(0)} " ExpressionTypeL="Numeric" ExpressionR="0" ExpressionTypeR="Numeric" ConditionType="NumericNotEqual" />
            </Condition>
            <Conditions />
          </Action>
          <Action OrderNumber="9" LogLevel="-1" TextAuraFontSize="9" TextAuraFontName="宋体" TriggerOp="DisableTrigger" TriggerId="a560dd2f-e026-49a2-9c97-08b3e5f74f3c" ActionType="Trigger" ExecutionDelayExpression="1000">
            <Condition Enabled="false" Grouping="Or" />
            <Conditions />
          </Action>
        </Actions>
        <Condition Enabled="false" Grouping="Or" />
        <Conditions />
      </Trigger>
    </Triggers>
  </ExportedFolder>
</TriggernometryExport>